operation1,operation2,bacc,bacc_no_aug,transform,bacc_operation1,diff_no_aug,diff_operation1
brightness,contrast,0.8180953621864319,0.7897118091583252,brightness,0.8160344004631043,0.02838355302810669,0.0020609617233275923
brightness,elastic_transform,0.806891679763794,0.7897118091583252,brightness,0.8160344004631043,0.017179870605468772,-0.009142720699310325
brightness,equalize,0.8095915913581848,0.7897118091583252,brightness,0.8160344004631043,0.01987978219985964,-0.006442809104919456
brightness,gaussian_blur,0.8136381387710572,0.7897118091583252,brightness,0.8160344004631043,0.023926329612732,-0.002396261692047097
brightness,gaussian_noise,0.8323699176311493,0.7897118091583252,brightness,0.8160344004631043,0.04265810847282414,0.016335517168045044
brightness,grid_distortion,0.8313402831554413,0.7897118091583252,brightness,0.8160344004631043,0.04162847399711611,0.015305882692337014
brightness,horizontal_flip,0.8270682871341706,0.7897118091583252,brightness,0.8160344004631043,0.037356477975845404,0.011033886671066306
brightness,median_blur,0.8187824368476868,0.7897118091583252,brightness,0.8160344004631043,0.02907062768936164,0.0027480363845825417
brightness,random_crop,0.8256346344947815,0.7897118091583252,brightness,0.8160344004631043,0.0359228253364563,0.009600234031677202
brightness,rotation,0.8435840606689453,0.7897118091583252,brightness,0.8160344004631043,0.05387225151062014,0.027549660205841042
brightness,saturation,0.8121131479740142,0.7897118091583252,brightness,0.8160344004631043,0.022401338815689065,-0.0039212524890900324
brightness,scaling,0.8393556356430054,0.7897118091583252,brightness,0.8160344004631043,0.04964382648468024,0.023321235179901145
brightness,shear_x,0.815374082326889,0.7897118091583252,brightness,0.8160344004631043,0.025662273168563843,-0.0006603181362152544
brightness,shear_y,0.8370191216468811,0.7897118091583252,brightness,0.8160344004631043,0.04730731248855591,0.02098472118377681
brightness,translate_x,0.8270890235900878,0.7897118091583252,brightness,0.8160344004631043,0.03737721443176267,0.011054623126983576
brightness,translate_y,0.828908908367157,0.7897118091583252,brightness,0.8160344004631043,0.039197099208831854,0.012874507904052757
brightness,vertical_flip,0.8153639376163483,0.7897118091583252,brightness,0.8160344004631043,0.025652128458023116,-0.0006704628467559814
contrast,brightness,0.81836217045784,0.7897118091583252,contrast,0.8088439464569092,0.028650361299514815,0.00951822400093083
contrast,elastic_transform,0.8112810611724853,0.7897118091583252,contrast,0.8088439464569092,0.021569252014160156,0.002437114715576172
contrast,equalize,0.8035944819450378,0.7897118091583252,contrast,0.8088439464569092,0.013882672786712624,-0.00524946451187136
contrast,gaussian_blur,0.8137250304222107,0.7897118091583252,contrast,0.8088439464569092,0.024013221263885498,0.004881083965301514
contrast,gaussian_noise,0.8302883803844452,0.7897118091583252,contrast,0.8088439464569092,0.04057657122612002,0.021444433927536033
contrast,grid_distortion,0.8283013463020324,0.7897118091583252,contrast,0.8088439464569092,0.038589537143707275,0.01945739984512329
contrast,horizontal_flip,0.8242928564548493,0.7897118091583252,contrast,0.8088439464569092,0.034581047296524114,0.01544890999794013
contrast,median_blur,0.8074787139892579,0.7897118091583252,contrast,0.8088439464569092,0.017766904830932684,-0.0013652324676513006
contrast,random_crop,0.8244087219238281,0.7897118091583252,contrast,0.8088439464569092,0.03469691276550291,0.015564775466918923
contrast,rotation,0.8454380989074707,0.7897118091583252,contrast,0.8088439464569092,0.05572628974914551,0.03659415245056152
contrast,saturation,0.8067137211561203,0.7897118091583252,contrast,0.8088439464569092,0.017001911997795105,-0.0021302253007888794
contrast,scaling,0.8417178750038147,0.7897118091583252,contrast,0.8088439464569092,0.0520060658454895,0.03287392854690552
contrast,shear_x,0.8122342884540558,0.7897118091583252,contrast,0.8088439464569092,0.02252247929573059,0.0033903419971466064
contrast,shear_y,0.8363222002983093,0.7897118091583252,contrast,0.8088439464569092,0.04661039113998411,0.027478253841400124
contrast,translate_x,0.826241397857666,0.7897118091583252,contrast,0.8088439464569092,0.036529588699340865,0.01739745140075688
contrast,translate_y,0.8279652833938599,0.7897118091583252,contrast,0.8088439464569092,0.03825347423553471,0.019121336936950728
contrast,vertical_flip,0.8130497395992279,0.7897118091583252,contrast,0.8088439464569092,0.02333793044090271,0.004205793142318726
elastic_transform,brightness,0.8049465417861938,0.7897118091583252,elastic_transform,0.7609228610992431,0.015234732627868675,0.04402368068695073
elastic_transform,contrast,0.8083974719047546,0.7897118091583252,elastic_transform,0.7609228610992431,0.018685662746429466,0.04747461080551152
elastic_transform,equalize,0.8081429779529572,0.7897118091583252,elastic_transform,0.7609228610992431,0.018431168794632025,0.04722011685371408
elastic_transform,gaussian_blur,0.7724677443504333,0.7897118091583252,elastic_transform,0.7609228610992431,-0.017244064807891868,0.011544883251190186
elastic_transform,gaussian_noise,0.796043199300766,0.7897118091583252,elastic_transform,0.7609228610992431,0.006331390142440774,0.03512033820152283
elastic_transform,grid_distortion,0.7396386384963989,0.7897118091583252,elastic_transform,0.7609228610992431,-0.05007317066192629,-0.02128422260284424
elastic_transform,horizontal_flip,0.769454973936081,0.7897118091583252,elastic_transform,0.7609228610992431,-0.020256835222244196,0.008532112836837857
elastic_transform,median_blur,0.7874650299549103,0.7897118091583252,elastic_transform,0.7609228610992431,-0.0022467792034148726,0.02654216885566718
elastic_transform,random_crop,0.8141805946826934,0.7897118091583252,elastic_transform,0.7609228610992431,0.024468785524368264,0.05325773358345032
elastic_transform,rotation,0.8064487338066101,0.7897118091583252,elastic_transform,0.7609228610992431,0.016736924648284912,0.045525872707366966
elastic_transform,saturation,0.7646674335002899,0.7897118091583252,elastic_transform,0.7609228610992431,-0.0250443756580353,0.003744572401046753
elastic_transform,scaling,0.8227880001068115,0.7897118091583252,elastic_transform,0.7609228610992431,0.03307619094848635,0.061865139007568404
elastic_transform,shear_x,0.7883560717105865,0.7897118091583252,elastic_transform,0.7609228610992431,-0.0013557374477386475,0.027433210611343406
elastic_transform,shear_y,0.7900183856487274,0.7897118091583252,elastic_transform,0.7609228610992431,0.0003065764904022217,0.029095524549484275
elastic_transform,translate_x,0.8122723639011383,0.7897118091583252,elastic_transform,0.7609228610992431,0.022560554742813155,0.05134950280189521
elastic_transform,translate_y,0.8284830868244171,0.7897118091583252,elastic_transform,0.7609228610992431,0.0387712776660919,0.06756022572517395
elastic_transform,vertical_flip,0.7967943608760834,0.7897118091583252,elastic_transform,0.7609228610992431,0.007082551717758179,0.03587149977684023
equalize,brightness,0.8092919707298278,0.7897118091583252,equalize,0.7986291408538818,0.019580161571502663,0.010662829875946023
equalize,contrast,0.7982812523841858,0.7897118091583252,equalize,0.7986291408538818,0.008569443225860618,-0.0003478884696960227
equalize,elastic_transform,0.8126511931419372,0.7897118091583252,equalize,0.7986291408538818,0.02293938398361206,0.01402205228805542
equalize,gaussian_blur,0.7978310406208038,0.7897118091583252,equalize,0.7986291408538818,0.008119231462478615,-0.0007981002330780251
equalize,gaussian_noise,0.8279135584831238,0.7897118091583252,equalize,0.7986291408538818,0.038201749324798584,0.029284417629241943
equalize,grid_distortion,0.8162207484245301,0.7897118091583252,equalize,0.7986291408538818,0.0265089392662049,0.01759160757064826
equalize,horizontal_flip,0.8072531223297119,0.7897118091583252,equalize,0.7986291408538818,0.01754131317138674,0.0086239814758301
equalize,median_blur,0.8061577081680298,0.7897118091583252,equalize,0.7986291408538818,0.016445899009704612,0.007528567314147971
equalize,random_crop,0.8143928408622741,0.7897118091583252,equalize,0.7986291408538818,0.024681031703948975,0.015763700008392334
equalize,rotation,0.8394839882850647,0.7897118091583252,equalize,0.7986291408538818,0.04977217912673948,0.04085484743118284
equalize,saturation,0.799674117565155,0.7897118091583252,equalize,0.7986291408538818,0.009962308406829878,0.0010449767112732378
equalize,scaling,0.834443211555481,0.7897118091583252,equalize,0.7986291408538818,0.044731402397155784,0.03581407070159914
equalize,shear_x,0.8080341458320618,0.7897118091583252,equalize,0.7986291408538818,0.018322336673736617,0.009405004978179976
equalize,shear_y,0.8279478788375855,0.7897118091583252,equalize,0.7986291408538818,0.0382360696792603,0.029318737983703658
equalize,translate_x,0.8216493308544159,0.7897118091583252,equalize,0.7986291408538818,0.031937521696090765,0.023020190000534124
equalize,translate_y,0.815965473651886,0.7897118091583252,equalize,0.7986291408538818,0.026253664493560813,0.017336332798004173
equalize,vertical_flip,0.805381464958191,0.7897118091583252,equalize,0.7986291408538818,0.01566965579986579,0.006752324104309149
gaussian_blur,brightness,0.8134785890579224,0.7897118091583252,gaussian_blur,0.8037365734577179,0.02376677989959719,0.00974201560020449
gaussian_blur,contrast,0.8137312889099121,0.7897118091583252,gaussian_blur,0.8037365734577179,0.024019479751586914,0.009994715452194214
gaussian_blur,elastic_transform,0.7544109523296356,0.7897118091583252,gaussian_blur,0.8037365734577179,-0.03530085682868955,-0.04932562112808225
gaussian_blur,equalize,0.7970447778701782,0.7897118091583252,gaussian_blur,0.8037365734577179,0.007332968711853072,-0.0066917955875396284
gaussian_blur,gaussian_noise,0.8289724588394165,0.7897118091583252,gaussian_blur,0.8037365734577179,0.03926064968109133,0.02523588538169863
gaussian_blur,grid_distortion,0.8136332869529724,0.7897118091583252,gaussian_blur,0.8037365734577179,0.02392147779464726,0.009896713495254561
gaussian_blur,horizontal_flip,0.824296748638153,0.7897118091583252,gaussian_blur,0.8037365734577179,0.03458493947982788,0.02056017518043518
gaussian_blur,median_blur,0.8110715270042419,0.7897118091583252,gaussian_blur,0.8037365734577179,0.021359717845916726,0.007334953546524026
gaussian_blur,random_crop,0.8245869755744935,0.7897118091583252,gaussian_blur,0.8037365734577179,0.03487516641616828,0.02085040211677558
gaussian_blur,rotation,0.8370075464248657,0.7897118091583252,gaussian_blur,0.8037365734577179,0.04729573726654057,0.03327097296714787
gaussian_blur,saturation,0.8044459342956543,0.7897118091583252,gaussian_blur,0.8037365734577179,0.01473412513732908,0.0007093608379363792
gaussian_blur,scaling,0.8273913025856018,0.7897118091583252,gaussian_blur,0.8037365734577179,0.03767949342727661,0.02365472912788391
gaussian_blur,shear_x,0.8108718693256378,0.7897118091583252,gaussian_blur,0.8037365734577179,0.021160060167312644,0.007135295867919944
gaussian_blur,shear_y,0.8350502103567123,0.7897118091583252,gaussian_blur,0.8037365734577179,0.04533840119838717,0.03131363689899447
gaussian_blur,translate_x,0.8255092024803161,0.7897118091583252,gaussian_blur,0.8037365734577179,0.035797393321990945,0.021772629022598244
gaussian_blur,translate_y,0.8274438709020615,0.7897118091583252,gaussian_blur,0.8037365734577179,0.037732061743736334,0.023707297444343634
gaussian_blur,vertical_flip,0.8214868903160095,0.7897118091583252,gaussian_blur,0.8037365734577179,0.03177508115768435,0.017750316858291648
gaussian_noise,brightness,0.8337728083133698,0.7897118091583252,gaussian_noise,0.8230599284172058,0.04406099915504458,0.010712879896163985
gaussian_noise,contrast,0.8288164854049682,0.7897118091583252,gaussian_noise,0.8230599284172058,0.039104676246643044,0.005756556987762451
gaussian_noise,elastic_transform,0.788200181722641,0.7897118091583252,gaussian_noise,0.8230599284172058,-0.0015116274356842263,-0.03485974669456482
gaussian_noise,equalize,0.8282232999801635,0.7897118091583252,gaussian_noise,0.8230599284172058,0.03851149082183836,0.005163371562957764
gaussian_noise,gaussian_blur,0.8335090160369873,0.7897118091583252,gaussian_noise,0.8230599284172058,0.043797206878662176,0.010449087619781583
gaussian_noise,grid_distortion,0.8280400276184082,0.7897118091583252,gaussian_noise,0.8230599284172058,0.03832821846008305,0.004980099201202459
gaussian_noise,horizontal_flip,0.8293644070625306,0.7897118091583252,gaussian_noise,0.8230599284172058,0.03965259790420539,0.006304478645324796
gaussian_noise,median_blur,0.8332041800022125,0.7897118091583252,gaussian_noise,0.8230599284172058,0.04349237084388735,0.010144251585006758
gaussian_noise,random_crop,0.8372436761856079,0.7897118091583252,gaussian_noise,0.8230599284172058,0.04753186702728274,0.014183747768402144
gaussian_noise,rotation,0.8527979373931884,0.7897118091583252,gaussian_noise,0.8230599284172058,0.06308612823486326,0.029738008975982666
gaussian_noise,saturation,0.8244155406951904,0.7897118091583252,gaussian_noise,0.8230599284172058,0.034703731536865234,0.0013556122779846413
gaussian_noise,scaling,0.8473592162132263,0.7897118091583252,gaussian_noise,0.8230599284172058,0.05764740705490112,0.02429928779602053
gaussian_noise,shear_x,0.824328488111496,0.7897118091583252,gaussian_noise,0.8230599284172058,0.034616678953170776,0.0012685596942901833
gaussian_noise,shear_y,0.8399108648300171,0.7897118091583252,gaussian_noise,0.8230599284172058,0.05019905567169192,0.016850936412811324
gaussian_noise,translate_x,0.842591381072998,0.7897118091583252,gaussian_noise,0.8230599284172058,0.05287957191467285,0.01953145265579226
gaussian_noise,translate_y,0.8388270437717438,0.7897118091583252,gaussian_noise,0.8230599284172058,0.0491152346134186,0.01576711535453801
gaussian_noise,vertical_flip,0.8315202832221985,0.7897118091583252,gaussian_noise,0.8230599284172058,0.041808474063873335,0.008460354804992742
grid_distortion,brightness,0.8296247065067291,0.7897118091583252,grid_distortion,0.8149459838867188,0.039912897348403975,0.014678722620010354
grid_distortion,contrast,0.8275561451911926,0.7897118091583252,grid_distortion,0.8149459838867188,0.03784433603286741,0.012610161304473788
grid_distortion,elastic_transform,0.7281782746315002,0.7897118091583252,grid_distortion,0.8149459838867188,-0.06153353452682497,-0.0867677092552186
grid_distortion,equalize,0.8160440921783447,0.7897118091583252,grid_distortion,0.8149459838867188,0.026332283020019553,0.0010981082916259322
grid_distortion,gaussian_blur,0.8101960003376008,0.7897118091583252,grid_distortion,0.8149459838867188,0.02048419117927558,-0.004749983549118042
grid_distortion,gaussian_noise,0.8220053553581238,0.7897118091583252,grid_distortion,0.8149459838867188,0.03229354619979863,0.007059371471405007
grid_distortion,horizontal_flip,0.82745201587677,0.7897118091583252,grid_distortion,0.8149459838867188,0.0377402067184448,0.01250603199005118
grid_distortion,median_blur,0.8242544710636139,0.7897118091583252,grid_distortion,0.8149459838867188,0.03454266190528876,0.009308487176895142
grid_distortion,random_crop,0.8303948432207108,0.7897118091583252,grid_distortion,0.8149459838867188,0.040683034062385603,0.015448859333991982
grid_distortion,rotation,0.8398026406764985,0.7897118091583252,grid_distortion,0.8149459838867188,0.050090831518173284,0.024856656789779663
grid_distortion,saturation,0.8173679530620575,0.7897118091583252,grid_distortion,0.8149459838867188,0.027656143903732278,0.0024219691753386563
grid_distortion,scaling,0.8326078236103058,0.7897118091583252,grid_distortion,0.8149459838867188,0.04289601445198066,0.017661839723587036
grid_distortion,shear_x,0.815244710445404,0.7897118091583252,grid_distortion,0.8149459838867188,0.025532901287078857,0.0002987265586852361
grid_distortion,shear_y,0.8325261771678925,0.7897118091583252,grid_distortion,0.8149459838867188,0.04281436800956728,0.01758019328117366
grid_distortion,translate_x,0.831136953830719,0.7897118091583252,grid_distortion,0.8149459838867188,0.04142514467239378,0.016190969944000155
grid_distortion,translate_y,0.8284350514411927,0.7897118091583252,grid_distortion,0.8149459838867188,0.0387232422828675,0.013489067554473877
grid_distortion,vertical_flip,0.8311399340629577,0.7897118091583252,grid_distortion,0.8149459838867188,0.041428124904632546,0.016193950176238925
horizontal_flip,brightness,0.82615966796875,0.7897118091583252,horizontal_flip,0.8099722027778625,0.03644785881042478,0.01618746519088743
horizontal_flip,contrast,0.8244689226150512,0.7897118091583252,horizontal_flip,0.8099722027778625,0.03475711345672605,0.014496719837188698
horizontal_flip,elastic_transform,0.7704894423484803,0.7897118091583252,horizontal_flip,0.8099722027778625,-0.019222366809844904,-0.03948276042938226
horizontal_flip,equalize,0.8060563325881958,0.7897118091583252,horizontal_flip,0.8099722027778625,0.016344523429870583,-0.00391587018966677
horizontal_flip,gaussian_blur,0.825162386894226,0.7897118091583252,horizontal_flip,0.8099722027778625,0.03545057773590088,0.015190184116363525
horizontal_flip,gaussian_noise,0.8296760797500611,0.7897118091583252,horizontal_flip,0.8099722027778625,0.039964270591735906,0.019703876972198553
horizontal_flip,grid_distortion,0.8281870365142823,0.7897118091583252,horizontal_flip,0.8099722027778625,0.0384752273559571,0.018214833736419744
horizontal_flip,median_blur,0.8165590643882752,0.7897118091583252,horizontal_flip,0.8099722027778625,0.026847255229950018,0.006586861610412664
horizontal_flip,random_crop,0.8284822940826416,0.7897118091583252,horizontal_flip,0.8099722027778625,0.03877048492431645,0.018510091304779097
horizontal_flip,rotation,0.8428647518157959,0.7897118091583252,horizontal_flip,0.8099722027778625,0.053152942657470725,0.03289254903793337
horizontal_flip,saturation,0.812077260017395,0.7897118091583252,horizontal_flip,0.8099722027778625,0.022365450859069824,0.0021050572395324707
horizontal_flip,scaling,0.8466698408126831,0.7897118091583252,horizontal_flip,0.8099722027778625,0.05695803165435798,0.03669763803482062
horizontal_flip,shear_x,0.828204208612442,0.7897118091583252,horizontal_flip,0.8099722027778625,0.038492399454116866,0.018232005834579512
horizontal_flip,shear_y,0.8409624338150025,0.7897118091583252,horizontal_flip,0.8099722027778625,0.05125062465667729,0.030990231037139937
horizontal_flip,translate_x,0.8328105926513671,0.7897118091583252,horizontal_flip,0.8099722027778625,0.04309878349304197,0.022838389873504616
horizontal_flip,translate_y,0.8369911909103394,0.7897118091583252,horizontal_flip,0.8099722027778625,0.04727938175201418,0.02701898813247683
horizontal_flip,vertical_flip,0.8206018269062042,0.7897118091583252,horizontal_flip,0.8099722027778625,0.03089001774787903,0.010629624128341675
median_blur,brightness,0.817933177947998,0.7897118091583252,median_blur,0.8033710539340972,0.02822136878967285,0.014562124013900779
median_blur,contrast,0.8065386056900025,0.7897118091583252,median_blur,0.8033710539340972,0.01682679653167729,0.003167551755905218
median_blur,elastic_transform,0.7987677752971649,0.7897118091583252,median_blur,0.8033710539340972,0.009055966138839744,-0.004603278636932329
median_blur,equalize,0.8067389369010926,0.7897118091583252,median_blur,0.8033710539340972,0.01702712774276738,0.003367882966995306
median_blur,gaussian_blur,0.8099510610103607,0.7897118091583252,median_blur,0.8033710539340972,0.020239251852035567,0.006580007076263494
median_blur,gaussian_noise,0.8320275902748108,0.7897118091583252,median_blur,0.8033710539340972,0.042315781116485596,0.028656536340713523
median_blur,grid_distortion,0.8227512538433075,0.7897118091583252,median_blur,0.8033710539340972,0.03303944468498232,0.01938019990921025
median_blur,horizontal_flip,0.8171657145023346,0.7897118091583252,median_blur,0.8033710539340972,0.027453905344009377,0.013794660568237305
median_blur,random_crop,0.8248968482017517,0.7897118091583252,median_blur,0.8033710539340972,0.035185039043426514,0.02152579426765444
median_blur,rotation,0.8447442173957824,0.7897118091583252,median_blur,0.8033710539340972,0.05503240823745725,0.04137316346168518
median_blur,saturation,0.8026987075805664,0.7897118091583252,median_blur,0.8033710539340972,0.012986898422241211,-0.0006723463535308616
median_blur,scaling,0.8358032703399658,0.7897118091583252,median_blur,0.8033710539340972,0.04609146118164065,0.032432216405868575
median_blur,shear_x,0.8193625152111054,0.7897118091583252,median_blur,0.8033710539340972,0.029650706052780196,0.015991461277008123
median_blur,shear_y,0.8397759079933167,0.7897118091583252,median_blur,0.8033710539340972,0.05006409883499152,0.03640485405921945
median_blur,translate_x,0.8292206883430481,0.7897118091583252,median_blur,0.8033710539340972,0.0395088791847229,0.025849634408950828
median_blur,translate_y,0.8266258239746094,0.7897118091583252,median_blur,0.8033710539340972,0.0369140148162842,0.02325477004051213
median_blur,vertical_flip,0.8132632613182068,0.7897118091583252,median_blur,0.8033710539340972,0.023551452159881636,0.009892207384109564
random_crop,brightness,0.8233304262161255,0.7897118091583252,random_crop,0.8218026041984559,0.03361861705780034,0.0015278220176696555
random_crop,contrast,0.8212729513645172,0.7897118091583252,random_crop,0.8218026041984559,0.031561142206191994,-0.0005296528339386875
random_crop,elastic_transform,0.7823225080966949,0.7897118091583252,random_crop,0.8218026041984559,-0.007389301061630271,-0.03948009610176095
random_crop,equalize,0.8150551517804464,0.7897118091583252,random_crop,0.8218026041984559,0.025343342622121234,-0.0067474524180094475
random_crop,gaussian_blur,0.8249895393848419,0.7897118091583252,random_crop,0.8218026041984559,0.0352777302265167,0.0031869351863860196
random_crop,gaussian_noise,0.8390111207962037,0.7897118091583252,random_crop,0.8218026041984559,0.049299311637878485,0.017208516597747803
random_crop,grid_distortion,0.8270390689373016,0.7897118091583252,random_crop,0.8218026041984559,0.03732725977897644,0.005236464738845759
random_crop,horizontal_flip,0.831688129901886,0.7897118091583252,random_crop,0.8218026041984559,0.041976320743560835,0.009885525703430154
random_crop,median_blur,0.8223606467247009,0.7897118091583252,random_crop,0.8218026041984559,0.03264883756637571,0.0005580425262450284
random_crop,rotation,0.8454993367195129,0.7897118091583252,random_crop,0.8218026041984559,0.055787527561187766,0.023696732521057084
random_crop,saturation,0.8195350289344787,0.7897118091583252,random_crop,0.8218026041984559,0.029823219776153542,-0.0022675752639771396
random_crop,scaling,0.8374090075492859,0.7897118091583252,random_crop,0.8218026041984559,0.04769719839096076,0.015606403350830078
random_crop,shear_x,0.817497330904007,0.7897118091583252,random_crop,0.8218026041984559,0.02778552174568183,-0.0043052732944488525
random_crop,shear_y,0.8417616963386536,0.7897118091583252,random_crop,0.8218026041984559,0.052049887180328436,0.019959092140197754
random_crop,translate_x,0.8238228797912598,0.7897118091583252,random_crop,0.8218026041984559,0.034111070632934615,0.002020275592803933
random_crop,translate_y,0.8319435715675354,0.7897118091583252,random_crop,0.8218026041984559,0.04223176240921023,0.010140967369079545
random_crop,vertical_flip,0.8238492012023926,0.7897118091583252,random_crop,0.8218026041984559,0.034137392044067405,0.002046597003936723
rotation,brightness,0.8451606631278992,0.7897118091583252,rotation,0.8443025529384613,0.055448853969574,0.0008581101894378218
rotation,contrast,0.8456983447074891,0.7897118091583252,rotation,0.8443025529384613,0.055986535549163885,0.00139579176902771
rotation,elastic_transform,0.8109876334667205,0.7897118091583252,rotation,0.8443025529384613,0.021275824308395364,-0.03331491947174081
rotation,equalize,0.8357705891132354,0.7897118091583252,rotation,0.8443025529384613,0.046058779954910256,-0.008531963825225919
rotation,gaussian_blur,0.8361612379550933,0.7897118091583252,rotation,0.8443025529384613,0.046449428796768166,-0.008141314983368009
rotation,gaussian_noise,0.8523404717445373,0.7897118091583252,rotation,0.8443025529384613,0.06262866258621214,0.008037918806075961
rotation,grid_distortion,0.843591821193695,0.7897118091583252,rotation,0.8443025529384613,0.05388001203536985,-0.0007107317447663242
rotation,horizontal_flip,0.8444057166576385,0.7897118091583252,rotation,0.8443025529384613,0.054693907499313354,0.00010316371917717948
rotation,median_blur,0.8405835807323456,0.7897118091583252,rotation,0.8443025529384613,0.05087177157402045,-0.0037189722061157227
rotation,random_crop,0.8446102738380432,0.7897118091583252,rotation,0.8443025529384613,0.05489846467971804,0.00030772089958186477
rotation,saturation,0.8438527852296829,0.7897118091583252,rotation,0.8443025529384613,0.054140976071357705,-0.00044976770877847017
rotation,scaling,0.8411226391792297,0.7897118091583252,rotation,0.8443025529384613,0.05141083002090452,-0.003179913759231656
rotation,shear_x,0.833145660161972,0.7897118091583252,rotation,0.8443025529384613,0.04343385100364683,-0.011156892776489347
rotation,shear_y,0.829537320137024,0.7897118091583252,rotation,0.8443025529384613,0.0398255109786988,-0.014765232801437378
rotation,translate_x,0.8407629609107972,0.7897118091583252,rotation,0.8443025529384613,0.05105115175247199,-0.0035395920276641846
rotation,translate_y,0.8480337738990784,0.7897118091583252,rotation,0.8443025529384613,0.05832196474075324,0.0037312209606170654
rotation,vertical_flip,0.8364106953144074,0.7897118091583252,rotation,0.8443025529384613,0.0466988861560822,-0.007891857624053977
saturation,brightness,0.8136693954467773,0.7897118091583252,saturation,0.7910006821155549,0.023957586288452126,0.022668713331222445
saturation,contrast,0.8081674098968505,0.7897118091583252,saturation,0.7910006821155549,0.01845560073852537,0.017166727781295688
saturation,elastic_transform,0.7655810713768005,0.7897118091583252,saturation,0.7910006821155549,-0.024130737781524636,-0.025419610738754317
saturation,equalize,0.7986385226249695,0.7897118091583252,saturation,0.7910006821155549,0.00892671346664431,0.0076378405094146284
saturation,gaussian_blur,0.8051175773143768,0.7897118091583252,saturation,0.7910006821155549,0.015405768156051658,0.014116895198821977
saturation,gaussian_noise,0.8261910855770112,0.7897118091583252,saturation,0.7910006821155549,0.03647927641868598,0.0351904034614563
saturation,grid_distortion,0.8136856019496918,0.7897118091583252,saturation,0.7910006821155549,0.023973792791366577,0.022684919834136896
saturation,horizontal_flip,0.8091588139533996,0.7897118091583252,saturation,0.7910006821155549,0.01944700479507444,0.01815813183784476
saturation,median_blur,0.8007777392864227,0.7897118091583252,saturation,0.7910006821155549,0.011065930128097534,0.009777057170867853
saturation,random_crop,0.8199500679969788,0.7897118091583252,saturation,0.7910006821155549,0.03023825883865361,0.028949385881423928
saturation,rotation,0.841920918226242,0.7897118091583252,saturation,0.7910006821155549,0.05220910906791687,0.05092023611068719
saturation,scaling,0.8342755675315857,0.7897118091583252,saturation,0.7910006821155549,0.04456375837326054,0.04327488541603086
saturation,shear_x,0.8124926835298538,0.7897118091583252,saturation,0.7910006821155549,0.022780874371528648,0.021492001414298967
saturation,shear_y,0.8305618524551391,0.7897118091583252,saturation,0.7910006821155549,0.040850043296813965,0.039561170339584284
saturation,translate_x,0.8236040472984314,0.7897118091583252,saturation,0.7910006821155549,0.03389223814010622,0.03260336518287654
saturation,translate_y,0.8283783078193665,0.7897118091583252,saturation,0.7910006821155549,0.038666498661041326,0.037377625703811646
saturation,vertical_flip,0.8052069485187531,0.7897118091583252,saturation,0.7910006821155549,0.0154951393604279,0.01420626640319822
scaling,brightness,0.8352121412754059,0.7897118091583252,scaling,0.8314245343208313,0.04550033211708071,0.003787606954574585
scaling,contrast,0.837480620543162,0.7897118091583252,scaling,0.8314245343208313,0.047768811384836796,0.00605608622233067
scaling,elastic_transform,0.796393620967865,0.7897118091583252,scaling,0.8314245343208313,0.0066818118095398615,-0.035030913352966264
scaling,equalize,0.8334395170211792,0.7897118091583252,scaling,0.8314245343208313,0.04372770786285407,0.002014982700347945
scaling,gaussian_blur,0.8260261535644531,0.7897118091583252,scaling,0.8314245343208313,0.03631434440612791,-0.005398380756378218
scaling,gaussian_noise,0.8406280815601349,0.7897118091583252,scaling,0.8314245343208313,0.05091627240180974,0.009203547239303611
scaling,grid_distortion,0.8325432062149047,0.7897118091583252,scaling,0.8314245343208313,0.04283139705657957,0.001118671894073442
scaling,horizontal_flip,0.8439893364906311,0.7897118091583252,scaling,0.8314245343208313,0.05427752733230595,0.012564802169799827
scaling,median_blur,0.8418878644704819,0.7897118091583252,scaling,0.8314245343208313,0.052176055312156744,0.010463330149650618
scaling,random_crop,0.8372713327407837,0.7897118091583252,scaling,0.8314245343208313,0.04755952358245852,0.005846798419952393
scaling,rotation,0.8463103950023652,0.7897118091583252,scaling,0.8314245343208313,0.056598585844039984,0.014885860681533858
scaling,saturation,0.8330976724624634,0.7897118091583252,scaling,0.8314245343208313,0.043385863304138184,0.0016731381416320579
scaling,shear_x,0.8260650515556336,0.7897118091583252,scaling,0.8314245343208313,0.036353242397308416,-0.0053594827651977095
scaling,shear_y,0.8369537472724915,0.7897118091583252,scaling,0.8314245343208313,0.047241938114166326,0.005529212951660201
scaling,translate_x,0.8324355840682983,0.7897118091583252,scaling,0.8314245343208313,0.042723774909973145,0.0010110497474670188
scaling,translate_y,0.8373749375343322,0.7897118091583252,scaling,0.8314245343208313,0.04766312837600706,0.005950403213500932
scaling,vertical_flip,0.8383359909057617,0.7897118091583252,scaling,0.8314245343208313,0.048624181747436546,0.00691145658493042
shear_x,brightness,0.817708307504654,0.7897118091583252,shear_x,0.8146952688694,0.02799649834632878,0.0030130386352539285
shear_x,contrast,0.8177150448163351,0.7897118091583252,shear_x,0.8146952688694,0.028003235658009884,0.0030197759469350327
shear_x,elastic_transform,0.7827694773674011,0.7897118091583252,shear_x,0.8146952688694,-0.006942331790924072,-0.031925791501998924
shear_x,equalize,0.8105705559253693,0.7897118091583252,shear_x,0.8146952688694,0.020858746767044134,-0.004124712944030717
shear_x,gaussian_blur,0.8143610000610352,0.7897118091583252,shear_x,0.8146952688694,0.024649190902710005,-0.00033426880836484596
shear_x,gaussian_noise,0.8239723801612854,0.7897118091583252,shear_x,0.8146952688694,0.034260571002960205,0.009277111291885354
shear_x,grid_distortion,0.8212828755378723,0.7897118091583252,shear_x,0.8146952688694,0.0315710663795471,0.006587606668472246
shear_x,horizontal_flip,0.8257730424404144,0.7897118091583252,shear_x,0.8146952688694,0.03606123328208921,0.01107777357101436
shear_x,median_blur,0.8156508922576904,0.7897118091583252,shear_x,0.8146952688694,0.025939083099365212,0.0009556233882903609
shear_x,random_crop,0.8186558365821839,0.7897118091583252,shear_x,0.8146952688694,0.02894402742385871,0.003960567712783858
shear_x,rotation,0.8291694939136505,0.7897118091583252,shear_x,0.8146952688694,0.039457684755325295,0.014474225044250444
shear_x,saturation,0.8135114848613739,0.7897118091583252,shear_x,0.8146952688694,0.02379967570304875,-0.0011837840080261008
shear_x,scaling,0.8268567442893981,0.7897118091583252,shear_x,0.8146952688694,0.037144935131072976,0.012161475419998125
shear_x,shear_y,0.8244685471057892,0.7897118091583252,shear_x,0.8146952688694,0.034756737947464034,0.009773278236389182
shear_x,translate_x,0.8198369264602661,0.7897118091583252,shear_x,0.8146952688694,0.030125117301940896,0.0051416575908660445
shear_x,translate_y,0.8257859885692597,0.7897118091583252,shear_x,0.8146952688694,0.03607417941093449,0.011090719699859641
shear_x,vertical_flip,0.818300211429596,0.7897118091583252,shear_x,0.8146952688694,0.028588402271270796,0.003604942560195945
shear_y,brightness,0.8391589283943176,0.7897118091583252,shear_y,0.83489208817482,0.04944711923599243,0.004266840219497636
shear_y,contrast,0.8377963066101074,0.7897118091583252,shear_y,0.83489208817482,0.04808449745178223,0.002904218435287431
shear_y,elastic_transform,0.8034379541873932,0.7897118091583252,shear_y,0.83489208817482,0.013726145029067993,-0.0314541339874268
shear_y,equalize,0.8245079755783081,0.7897118091583252,shear_y,0.83489208817482,0.034796166419982955,-0.01038411259651184
shear_y,gaussian_blur,0.8268718600273133,0.7897118091583252,shear_y,0.83489208817482,0.037160050868988104,-0.008020228147506692
shear_y,gaussian_noise,0.841942310333252,0.7897118091583252,shear_y,0.83489208817482,0.05223050117492678,0.007050222158431985
shear_y,grid_distortion,0.8340192317962647,0.7897118091583252,shear_y,0.83489208817482,0.04430742263793952,-0.0008728563785552756
shear_y,horizontal_flip,0.8409348249435424,0.7897118091583252,shear_y,0.83489208817482,0.05122301578521726,0.0060427367687224676
shear_y,median_blur,0.8324668407440186,0.7897118091583252,shear_y,0.83489208817482,0.04275503158569338,-0.002425247430801414
shear_y,random_crop,0.8414464831352234,0.7897118091583252,shear_y,0.83489208817482,0.05173467397689824,0.006554394960403442
shear_y,rotation,0.8234641313552856,0.7897118091583252,shear_y,0.83489208817482,0.03375232219696045,-0.011427956819534346
shear_y,saturation,0.8306018233299255,0.7897118091583252,shear_y,0.83489208817482,0.04089001417160032,-0.004290264844894476
shear_y,scaling,0.8395257949829101,0.7897118091583252,shear_y,0.83489208817482,0.04981398582458496,0.0046337068080901656
shear_y,shear_x,0.8262344121932983,0.7897118091583252,shear_y,0.83489208817482,0.03652260303497312,-0.008657675981521673
shear_y,translate_x,0.8373031497001648,0.7897118091583252,shear_y,0.83489208817482,0.047591340541839666,0.002411061525344871
shear_y,translate_y,0.8425967037677765,0.7897118091583252,shear_y,0.83489208817482,0.05288489460945134,0.007704615592956543
shear_y,vertical_flip,0.8334099292755127,0.7897118091583252,shear_y,0.83489208817482,0.043698120117187544,-0.001482158899307251
translate_x,brightness,0.8286430656909942,0.7897118091583252,translate_x,0.82343031167984,0.038931256532669045,0.005212754011154175
translate_x,contrast,0.8273669004440307,0.7897118091583252,translate_x,0.82343031167984,0.037655091285705544,0.003936588764190674
translate_x,elastic_transform,0.7947363972663879,0.7897118091583252,translate_x,0.82343031167984,0.005024588108062722,-0.02869391441345215
translate_x,equalize,0.8247696459293365,0.7897118091583252,translate_x,0.82343031167984,0.035057836771011375,0.0013393342494965044
translate_x,gaussian_blur,0.8251466393470764,0.7897118091583252,translate_x,0.82343031167984,0.035434830188751265,0.0017163276672363947
translate_x,gaussian_noise,0.8396957159042359,0.7897118091583252,translate_x,0.82343031167984,0.04998390674591069,0.01626540422439582
translate_x,grid_distortion,0.8331785917282104,0.7897118091583252,translate_x,0.82343031167984,0.04346678256988523,0.009748280048370361
translate_x,horizontal_flip,0.8327644824981689,0.7897118091583252,translate_x,0.82343031167984,0.04305267333984375,0.00933417081832888
translate_x,median_blur,0.8289943814277649,0.7897118091583252,translate_x,0.82343031167984,0.039282572269439764,0.0055640697479248935
translate_x,random_crop,0.8234391570091247,0.7897118091583252,translate_x,0.82343031167984,0.03372734785079956,8.845329284690173e-06
translate_x,rotation,0.8367150306701661,0.7897118091583252,translate_x,0.82343031167984,0.04700322151184089,0.013284718990326017
translate_x,saturation,0.8247739851474762,0.7897118091583252,translate_x,0.82343031167984,0.03506217598915107,0.0013436734676361972
translate_x,scaling,0.8318543374538422,0.7897118091583252,translate_x,0.82343031167984,0.04214252829551701,0.008424025774002142
translate_x,shear_x,0.8153737902641296,0.7897118091583252,translate_x,0.82343031167984,0.02566198110580442,-0.00805652141571045
translate_x,shear_y,0.8417270064353943,0.7897118091583252,translate_x,0.82343031167984,0.05201519727706916,0.018296694755554288
translate_x,translate_y,0.8306267201900482,0.7897118091583252,translate_x,0.82343031167984,0.04091491103172307,0.0071964085102081965
translate_x,vertical_flip,0.8266342759132386,0.7897118091583252,translate_x,0.82343031167984,0.0369224667549134,0.0032039642333985263
translate_y,brightness,0.8292774617671966,0.7897118091583252,translate_y,0.8286707282066346,0.03956565260887146,0.0006067335605620672
translate_y,contrast,0.8287837028503418,0.7897118091583252,translate_y,0.8286707282066346,0.03907189369201658,0.00011297464370718657
translate_y,elastic_transform,0.8234709799289703,0.7897118091583252,translate_y,0.8286707282066346,0.033759170770645164,-0.005199748277664229
translate_y,equalize,0.8214947044849396,0.7897118091583252,translate_y,0.8286707282066346,0.03178289532661438,-0.007176023721695013
translate_y,gaussian_blur,0.8242131888866424,0.7897118091583252,translate_y,0.8286707282066346,0.03450137972831724,-0.004457539319992154
translate_y,gaussian_noise,0.8426804900169372,0.7897118091583252,translate_y,0.8286707282066346,0.05296868085861206,0.014009761810302668
translate_y,grid_distortion,0.8332467019557953,0.7897118091583252,translate_y,0.8286707282066346,0.04353489279747014,0.004575973749160744
translate_y,horizontal_flip,0.8380816459655762,0.7897118091583252,translate_y,0.8286707282066346,0.04836983680725104,0.00941091775894165
translate_y,median_blur,0.826334971189499,0.7897118091583252,translate_y,0.8286707282066346,0.03662316203117377,-0.00233575701713562
translate_y,random_crop,0.831738543510437,0.7897118091583252,translate_y,0.8286707282066346,0.042026734352111794,0.0030678153038024014
translate_y,rotation,0.8408449947834015,0.7897118091583252,translate_y,0.8286707282066346,0.051133185625076294,0.012174266576766901
translate_y,saturation,0.8296921968460083,0.7897118091583252,translate_y,0.8286707282066346,0.03998038768768308,0.0010214686393736905
translate_y,scaling,0.8373946189880371,0.7897118091583252,translate_y,0.8286707282066346,0.04768280982971196,0.008723890781402566
translate_y,shear_x,0.828381872177124,0.7897118091583252,translate_y,0.8286707282066346,0.03867006301879883,-0.00028885602951056466
translate_y,shear_y,0.8483196854591369,0.7897118091583252,translate_y,0.8286707282066346,0.05860787630081177,0.019648957252502375
translate_y,translate_x,0.8324820697307587,0.7897118091583252,translate_y,0.8286707282066346,0.042770260572433494,0.003811341524124101
translate_y,vertical_flip,0.8298990368843079,0.7897118091583252,translate_y,0.8286707282066346,0.04018722772598271,0.0012283086776733176
vertical_flip,brightness,0.8166965782642365,0.7897118091583252,vertical_flip,0.803134310245514,0.0269847691059113,0.013562268018722512
vertical_flip,contrast,0.8148209154605865,0.7897118091583252,vertical_flip,0.803134310245514,0.025109106302261375,0.011686605215072587
vertical_flip,elastic_transform,0.7996506989002228,0.7897118091583252,vertical_flip,0.803134310245514,0.009938889741897605,-0.003483611345291182
vertical_flip,equalize,0.8047899425029754,0.7897118091583252,vertical_flip,0.803134310245514,0.015078133344650246,0.001655632257461459
vertical_flip,gaussian_blur,0.8177261114120483,0.7897118091583252,vertical_flip,0.803134310245514,0.028014302253723145,0.014591801166534357
vertical_flip,gaussian_noise,0.8334366381168365,0.7897118091583252,vertical_flip,0.803134310245514,0.043724828958511375,0.030302327871322587
vertical_flip,grid_distortion,0.8274304330348968,0.7897118091583252,vertical_flip,0.803134310245514,0.037718623876571655,0.024296122789382868
vertical_flip,horizontal_flip,0.8184995919466018,0.7897118091583252,vertical_flip,0.803134310245514,0.02878778278827665,0.015365281701087863
vertical_flip,median_blur,0.8114533424377441,0.7897118091583252,vertical_flip,0.803134310245514,0.021741533279418968,0.00831903219223018
vertical_flip,random_crop,0.8260563671588897,0.7897118091583252,vertical_flip,0.803134310245514,0.036344558000564575,0.022922056913375788
vertical_flip,rotation,0.8370259404182434,0.7897118091583252,vertical_flip,0.803134310245514,0.047314131259918235,0.03389163017272945
vertical_flip,saturation,0.8028413712978363,0.7897118091583252,vertical_flip,0.803134310245514,0.013129562139511108,-0.0002929389476776789
vertical_flip,scaling,0.8332649111747742,0.7897118091583252,vertical_flip,0.803134310245514,0.04355310201644902,0.03013060092926023
vertical_flip,shear_x,0.8167573392391205,0.7897118091583252,vertical_flip,0.803134310245514,0.027045530080795355,0.013623028993606567
vertical_flip,shear_y,0.8423450708389282,0.7897118091583252,vertical_flip,0.803134310245514,0.052633261680603005,0.03921076059341422
vertical_flip,translate_x,0.8251529932022095,0.7897118091583252,vertical_flip,0.803134310245514,0.0354411840438843,0.022018682956695512
vertical_flip,translate_y,0.8293243765830993,0.7897118091583252,vertical_flip,0.803134310245514,0.03961256742477415,0.02619006633758536
